country,1960,1961,1962,1963,1964,1965,1966,1967,1968,1969,1970,1971,1972,1973,1974,1975,1976,1977,1978,1979,1980,1981,1982,1983,1984,1985,1986,1987,1988,1989,1990,1991,1992,1993,1994,1995,1996,1997,1998,1999,2000,2001,2002,2003,2004,2005,2006,2007,2008,2009,2010,2011,2012,2013,2014,2015,2016,2017,2018,2019
Afghanistan,59.8,59.9,58.5,78.7,82.1,101,138,161,129,129,157,160,135,143,174,187,197,224,247,276,273,264,,,,,,,,,,,,,,,,,,,,,179,191,211,242,264,360,365,438,543,591,642,637,614,578,509,520,494,507
Albania,,,,,,,,,,,,,,,,,,,,,,,,,639,640,694,675,653,698,617,337,201,367,586,751,1010,717,814,1030,1130,1280,1430,1850,2370,2670,2970,3600,4370,4110,4090,4440,4250,4410,4580,3950,4120,4530,5280,5350
Algeria,,,172,227,238,250,236,254,282,303,336,341,442,555,818,937,1040,1190,1460,1780,2200,2240,2210,2310,2470,2580,2760,2810,2420,2220,2410,1730,1780,1810,1510,1450,1600,1620,1600,1590,1770,1740,1780,2100,2610,3110,3480,3950,4920,3880,4480,5460,5590,5500,5490,4190,3950,4110,4150,3970
Andorra,,,,,,,,,,,3240,3500,4220,5340,6320,7170,7150,7750,9130,11800,12400,10400,9610,8020,7730,7770,10400,12600,14300,15200,18900,19500,20500,16500,16200,18500,19000,18400,18900,19300,21900,23000,25100,32300,38000,40100,42700,47800,48700,43500,40900,43300,38700,39500,41300,35800,37500,39000,41800,40900
Angola,,,,,,,,,,,,,,,,,,,,,711,642,620,623,638,758,685,756,792,891,948,866,656,441,329,397,523,514,424,388,557,527,872,983,1260,1900,2600,3120,4080,3120,3590,4620,5100,5250,5410,4170,3510,4100,3290,2790
Antigua and Barbuda,,,,,,,,,,,,,,,,,,1250,1420,1760,2120,2390,2660,2950,3370,3900,4700,5460,6450,7080,7350,7600,7740,8140,8770,8410,9030,9490,9940,10300,10900,10400,10400,10800,11400,12600,14000,15600,16000,14200,13000,12700,13300,12900,13500,14300,15200,15400,16700,17100
Argentina,,,1160,850,1170,1280,1270,1060,1140,1330,1320,1370,1410,2100,2840,2030,1950,2130,2150,2520,2760,2780,2930,3550,2660,2930,3610,3560,3990,2380,4330,5740,6820,6970,7480,7410,7720,8210,8290,7770,7710,7210,2590,3350,4280,5110,5920,7250,9020,8230,10400,12800,13100,13100,12300,13800,12800,14600,11600,9910
Armenia,,,,,,,,,,,,,,,,,,,,,,,,,,,,,,,638,590,370,357,401,456,504,523,609,597,623,694,783,930,1190,1640,2160,3140,4010,2990,3220,3530,3680,3840,3990,3610,3590,3910,4220,4620
Australia,1810,1870,1850,1960,2130,2280,2340,2580,2720,2990,3300,3490,3940,4760,6470,6990,7480,7770,8240,9280,10200,11800,12800,11500,12400,11400,11400,11600,14300,17800,18200,18800,18600,17600,18000,20300,21900,23500,21300,20500,21700,19500,20100,23400,30400,34000,36000,41000,49600,42800,52000,62500,68000,68200,62500,56800,50000,54000,57400,55100
Austria,935,1030,1090,1170,1270,1370,1490,1570,1680,1830,2060,2380,2920,3890,4630,5290,5680,6810,8210,9790,10900,9390,9410,9540,8990,9170,13100,16400,17600,17500,21700,22400,24900,24100,25600,30300,29800,26700,27400,27200,24600,24500,26400,32200,36800,38400,40600,46900,51700,48000,46900,51400,48600,50700,51700,44200,45300,47400,51500,50100
Azerbaijan,,,,,,,,,,,,,,,,,,,,,,,,,,,,,,,1240,1210,676,530,436,397,409,506,562,574,655,704,763,884,1050,1580,2470,3850,5570,4950,5840,7190,7500,7880,7890,5500,3880,4150,4740,4790
Bahamas,1550,1650,1750,1870,1990,2140,2320,2560,2800,3220,3180,3300,3320,3700,3420,3160,3330,3620,4130,5530,6340,6620,7170,7700,8880,9890,10300,11200,11400,12200,12400,11900,11700,11400,11800,12200,12700,22000,23500,26100,27100,27500,28900,28300,28400,30300,30700,31500,30600,28600,28400,28000,29500,28800,30000,31300,31600,32700,33800,34900
Bahrain,,,,,,,,,,,,,,,,,,,,,8540,9270,9450,9420,9590,8710,7040,7560,7960,8030,8530,9060,9080,9700,10100,10400,10500,10700,10100,10400,13600,12900,13000,14200,15800,18000,19300,21000,23100,19400,20700,22500,23700,24700,25000,22600,22600,23700,24000,23500
Bangladesh,89,97.6,100,102,100,107,113,123,123,135,140,134,94.4,120,182,278,141,131,176,201,228,248,221,204,214,245,234,254,271,286,306,293,294,301,300,329,395,401,407,410,418,415,413,446,475,499,510,558,635,702,781,862,883,982,1120,1250,1400,1560,1700,1860
Barbados,,,,,,,,,,,,,,,1270,1630,1760,1990,2210,2670,4010,4400,4580,4850,5270,5500,6020,6610,7000,7720,7710,7710,7440,7820,8120,8340,8850,9320,10500,10900,11300,11200,11400,11700,12500,13800,15200,16800,17100,15900,16100,16500,16200,16500,16500,16500,16900,17400,17700,18100
Belarus,,,,,,,,,,,,,,,,,,,,,,,,,,,,,,,2120,1770,1670,1590,1460,1370,1450,1400,1510,1210,1280,1240,1480,1820,2380,3130,3850,4740,6380,5350,6030,6520,6940,7980,8320,5950,5020,5760,6330,6660
Belgium,1270,1350,1440,1540,1700,1840,1960,2090,2220,2460,2770,3080,3830,4900,5730,6700,7240,8430,10300,11800,12900,10600,9340,8850,8460,8750,12200,15100,16400,16500,20600,21000,23400,22300,24200,28400,27500,24800,25300,25200,23000,23000,24900,30600,35400,36800,38700,44300,48100,44600,44100,47300,44700,46700,47700,41000,42000,44200,47600,46400
Belize,305,316,327,337,351,378,406,420,387,397,436,474,520,606,786,886,717,859,981,1070,1370,1330,1200,1230,1340,1290,1370,1610,1790,2010,2200,2330,2670,2830,2880,3000,3000,2950,2990,3070,3360,3400,3530,3650,3800,3880,4150,4250,4400,4190,4270,4420,4510,4570,4710,4780,4820,4890,4880,4820
Benin,93,95.6,94.5,99.9,104,110,113,112,117,116,115,113,135,162,174,207,209,218,264,328,378,338,323,271,253,244,303,345,347,312,394,386,318,412,280,367,387,361,379,552,511,518,572,710,797,822,855,965,1120,1080,1040,1130,1150,1250,1290,1080,1090,1140,1240,1220
Bhutan,,,,,,,,,,,,,,,,,,,,,333,350,347,376,375,371,421,512,557,528,565,468,469,442,509,567,584,663,668,725,718,764,846,962,1070,1230,1330,1760,1830,1820,2260,2560,2540,2470,2650,2750,2930,3290,3240,3320
Bolivia,102,109,117,123,136,150,162,180,200,212,227,239,269,264,429,481,534,617,703,809,811,1030,961,914,1020,870,627,671,699,702,709,762,788,784,801,881,951,999,1050,1000,998,949,904,908,967,1030,1220,1370,1720,1750,1960,2350,2610,2910,3080,3040,3080,3350,3550,3550
Bosnia and Herzegovina,,,,,,,,,,,,,,,,,,,,,,,,,,,,,,,,,,,319,487,740,983,1100,1250,1470,1530,1770,2220,2810,2980,3420,4190,5090,4710,4640,5090,4780,5130,5330,4730,4990,5390,6070,6110
Botswana,60.5,64.2,68.1,71.1,76,81.8,90,100,111,127,153,196,248,354,428,479,483,564,709,948,1180,1150,1050,1180,1200,1040,1250,1700,2200,2480,2950,2970,3040,2970,2970,3220,3220,3260,3040,3410,3520,3280,3190,4330,5070,5510,5520,5830,5710,5260,6430,7620,7050,7220,7780,6800,7240,7890,8280,7960
Brazil,210,205,260,292,262,261,316,347,375,404,445,505,586,775,1000,1150,1390,1570,1740,1910,1950,2130,2230,1570,1580,1650,1940,2090,2300,2910,3100,3980,2600,2790,3500,4750,5170,5280,5090,3480,3750,3160,2830,3070,3640,4790,5890,7350,8830,8600,11300,13200,12400,12300,12100,8810,8710,9930,9000,8720
Brunei,,,,,,1110,1240,1240,1360,1300,1380,1460,1910,2920,6920,7230,8460,9920,10700,14900,25400,21800,20700,18100,17300,15700,10200,11600,11000,11900,13600,13900,15300,14600,14100,15900,16800,16700,12700,14100,18000,16500,16900,18600,21900,26100,31000,32700,37900,28000,35300,47100,47700,44700,41700,31200,27200,28600,31600,31100
Bulgaria,,,,,,,,,,,,,,,,,,,,,2240,2230,2170,1850,1960,1910,2260,3130,2510,2480,2370,1270,1210,1280,1150,2260,1470,1360,1820,1660,1620,1770,2090,2720,3390,3900,4520,5890,7270,6990,6810,7810,7400,7660,7880,7060,7550,8330,9430,9830
Burkina Faso,68.4,71.6,76.5,78.4,80.5,81.7,82.5,84.4,84.7,86.5,81.5,84.3,99.3,114,124,153,156,177,226,262,283,254,245,218,194,201,257,291,313,305,352,346,241,244,193,236,249,229,256,298,255,267,295,375,418,458,473,535,643,624,648,751,758,787,793,653,688,735,813,787
Burundi,70.1,71.2,73.4,78.5,86.2,51.4,52.2,54.8,54.9,55.7,69.8,71.6,69.1,84.4,94.7,114,119,142,155,193,221,227,231,241,214,242,246,225,209,210,208,210,190,162,157,167,143,159,144,129,136,134,123,114,128,152,167,172,198,212,234,250,252,257,275,306,282,293,272,261
Cambodia,111,109,109,118,124,134,139,144,157,142,103,136,69.2,94.4,78.1,,,,,,,,,,,,,,,,,,,254,271,323,319,305,269,296,303,321,339,362,409,474,540,632,746,738,786,882,951,1010,1090,1160,1270,1390,1510,1640
Cameroon,120,124,130,131,139,141,144,154,170,181,178,184,208,249,311,369,401,427,543,695,782,859,799,781,800,809,1020,1150,1130,975,947,1020,912,1200,801,709,753,755,721,741,650,651,708,866,1010,1010,1060,1190,1370,1310,1290,1410,1350,1470,1540,1330,1360,1430,1530,1510
Canada,2260,2240,2270,2370,2560,2770,3050,3220,3460,3760,4120,4520,5090,5840,7030,7510,8810,8920,9120,10000,11200,12300,12500,13400,13900,14100,14500,16300,18900,20700,21400,21800,20900,20100,19900,20600,21200,21800,21000,22200,24200,23700,24200,28200,32000,36300,40400,44500,46600,40800,47400,52100,52700,52700,50900,43600,42300,45100,46300,46200
Cape Verde,,,,,,,,,,,,,,,,,,,,,501,483,478,461,431,442,602,733,811,808,908,924,1000,1340,1080,1260,1270,1210,1270,1410,1260,1290,1400,1810,2020,2100,2360,3190,3720,3520,3380,3740,3450,3620,3590,3040,3130,3290,3620,3600
Central African Republic,74.7,80.7,80.2,81.9,88.3,91.8,94.4,95.9,110,106,104,109,123,143,146,193,226,249,292,327,362,307,320,274,257,340,432,454,470,449,513,479,477,420,272,346,305,276,278,281,251,250,261,294,321,331,355,404,465,475,488,552,566,380,424,377,402,451,476,468
Chad,104,109,115,117,121,126,128,131,130,132,129,135,153,166,163,211,208,220,257,227,229,190,177,172,185,203,204,215,265,248,292,305,296,223,174,206,222,206,225,191,166,197,221,293,454,659,710,800,929,804,893,985,967,980,1020,776,693,666,726,710
Chile,505,555,639,655,678,670,773,753,757,870,933,1090,1170,1640,1550,720,961,1280,1440,1940,2540,2980,2160,1710,1620,1440,1520,1760,2030,2290,2490,2800,3350,3540,4020,5110,5350,5750,5450,4960,5070,4570,4450,4770,6190,7600,9460,10500,10800,10200,12800,14600,15400,15800,14700,13600,13800,15000,15900,14900
China,89.5,75.8,70.9,74.3,85.5,98.5,104,96.6,91.5,100,113,119,132,157,160,178,165,185,156,184,195,197,203,225,251,294,282,252,284,311,318,333,366,377,473,610,709,782,829,873,959,1050,1150,1290,1510,1750,2100,2690,3470,3830,4550,5620,6320,7050,7680,8070,8150,8880,9980,10300
Colombia,251,274,290,274,329,308,282,294,292,308,335,355,385,448,526,544,623,774,904,1060,1240,1320,1390,1350,1300,1170,1140,1170,1230,1220,1450,1460,1700,1890,2280,2540,2620,2830,2570,2210,2520,2440,2400,2280,2780,3410,3740,4710,5470,5190,6340,7340,8050,8220,8110,6180,5870,6380,6720,6430
Comoros,,,,,,,,,,,,,,,,,,,,,689,618,563,570,535,554,763,896,919,854,1040,1000,1050,1010,690,838,811,726,718,723,646,681,748,938,1060,1070,1110,1240,1390,1340,1320,1450,1400,1510,1510,1240,1270,1320,1420,1370
"Congo, Dem. Rep.",220,197,236,377,170,233,254,184,207,259,244,272,292,363,431,447,410,509,616,587,546,464,493,388,270,241,264,243,273,270,270,268,220,276,145,136,135,139,139,103,405,154,175,174,194,218,255,286,328,299,334,387,425,458,487,497,471,467,557,581
"Congo, Rep.",129,145,156,157,165,172,186,195,200,206,207,236,292,374,392,499,477,470,524,694,959,1090,1150,1080,1100,1050,875,1060,992,1040,1190,1120,1180,750,672,782,912,810,660,775,1030,869,917,1030,1330,1840,2160,2270,2900,2350,3080,3560,3920,3880,3750,2460,2070,2190,2580,2280
Costa Rica,381,355,334,344,352,372,393,412,443,475,533,568,637,767,816,936,1120,1390,1560,1730,2020,1070,1030,1210,1370,1430,1570,1570,1560,1730,1830,2240,2600,2830,3020,3250,3200,3380,3580,3650,3770,3940,4020,4130,4390,4650,5200,6070,6860,6760,8140,9120,9910,10500,10500,11300,11700,11800,12100,12200
Cote d'Ivoire,156,170,171,194,226,218,234,238,272,278,285,297,332,429,502,607,694,892,1070,1190,1270,1000,863,748,718,704,889,943,924,848,905,849,870,832,605,775,828,775,809,772,651,665,720,872,923,931,950,1060,1240,1220,1210,1210,1240,1420,1560,1970,2010,2110,2310,2280
Croatia,,,,,,,,,,,,,,,,,,,,,,,,,,,,,,,,,,,,4880,5230,5260,5640,5200,4840,5360,6230,8060,9660,10500,11700,13900,16300,14500,13900,14600,13300,13700,13600,11800,12400,13500,15000,14900
Cuba,,,,,,,,,,,653,780,901,1090,1220,1380,1440,1470,1840,2000,2020,2040,2110,2220,2400,2270,2380,2450,2640,2570,2700,2280,2060,2070,2620,2790,2290,2310,2330,2560,2750,2840,3000,3200,3400,3790,4680,5210,5410,5530,5730,6140,6500,6840,7130,7690,8060,8540,8820,
Cyprus,,,,,,,,,,,,,,,,976,1160,1480,1930,2560,4230,4030,4120,4090,4260,4490,5640,6690,7650,8040,9640,9700,11300,10500,11600,15300,15100,14200,15100,15300,14400,14800,16100,20300,23800,25000,26700,31200,35400,32100,31000,32400,28900,27700,27100,23300,24500,26300,28700,27900
Czech Republic,,,,,,,,,,,,,,,,,,,,,,,,,,,,,,,3940,2900,3370,3960,4630,5820,6530,6030,6490,6340,6030,6640,8060,9820,11700,13400,15300,18500,22800,19900,20000,21900,19900,20100,19900,17800,18600,20600,23400,23500
Denmark,,,,,,,2490,2700,2780,3150,3460,3850,4650,6120,6770,8000,8790,9780,11800,13800,13900,12100,11800,11900,11600,12300,17200,21300,22500,21900,26900,27000,29600,27600,30000,35400,35700,32800,33400,33400,30700,30800,33200,40500,46500,48800,52000,58500,64300,58200,58000,61800,58500,61200,62500,53300,54700,57600,61600,60200
Djibouti,,,,,,,,,,,,,,,,,,,,,,,,,,801,,761,748,726,766,762,777,754,790,790,768,761,756,766,768,781,791,819,863,905,968,1050,1220,1270,1340,1450,1560,2310,2460,2660,2800,2910,3140,3410
Dominica,,,,,,,,,,,,,,,,,,625,769,734,967,1090,1190,1320,1480,1630,1860,2110,2400,2620,2860,3120,3320,3470,3720,3860,4120,4290,4590,4750,4790,4880,4770,4900,5220,5160,5520,5950,6470,6900,6970,7070,6850,7020,7320,7600,8080,7270,7690,8110
Dominican Republic,204,192,234,259,273,229,246,251,254,281,330,360,418,480,583,700,749,848,855,969,1160,1270,1360,1490,1830,780,928,866,783,956,992,1340,1530,1730,1910,2120,2290,2480,2640,2650,2870,2980,3110,2420,2490,3930,4110,4710,5090,5040,5560,5910,6110,6240,6610,6920,7280,7610,8050,8280
Ecuador,455,375,316,369,441,455,450,459,451,528,472,441,496,588,970,1110,1260,1490,1570,1820,2240,2660,2370,1990,1910,1890,1650,1460,1340,1390,1490,1620,1690,1730,2030,2130,2160,2360,2290,1580,1450,1890,2170,2430,2690,3000,3330,3570,4250,4230,4630,5200,5680,6060,6380,6120,6060,6210,6300,6180
Egypt,,,,,,163,169,175,180,194,233,244,258,274,245,302,338,357,359,426,500,499,607,663,708,793,815,778,655,726,766,651,713,778,849,965,1060,1210,1280,1340,1450,1380,1190,1100,1060,1190,1400,1670,2040,2330,2650,2790,3230,3260,3380,3560,3520,2440,2540,3020
El Salvador,,,,,,274,282,288,290,293,308,315,327,364,410,453,548,678,707,768,778,737,718,730,752,770,754,781,816,841,914,983,1070,1220,1380,1590,1680,1780,1890,1930,2000,2070,2120,2210,2280,2430,2630,2790,2930,2860,2980,3270,3430,3510,3590,3710,3810,3910,4070,4190
Equatorial Guinea,,,34.8,40.8,47,234,244,248,225,221,218,217,226,292,354,408,418,429,,,203,139,156,144,152,176,207,244,255,217,267,256,301,294,210,286,451,825,664,1070,1730,2310,2740,3620,6150,11000,12900,15900,22900,16700,17300,21600,21700,20400,19400,11300,9250,9670,10100,8130
Eritrea,,,,,,,,,,,,,,,,,,,,,,,,,,,,,,,,,211,209,240,262,316,313,338,308,308,317,294,335,408,389,415,440,451,595,501,643,,,,,,,,
Estonia,,,,,,,,,,,,,,,,,,,,,,,,,,,,,,,,,,2680,2810,3130,3380,3680,4090,4140,4080,4510,5340,7210,8910,10400,12600,16700,18200,14800,14800,17600,17500,19200,20400,17500,18400,20500,23200,23700
Eswatini,104,125,131,151,178,188,200,189,196,252,260,307,321,472,545,577,529,571,620,725,922,939,854,852,732,516,621,780,894,873,1360,1370,1480,1530,1560,1830,1700,1780,1610,1560,1730,1520,1410,2150,2700,3080,3180,3330,3140,3390,4170,4500,4530,4230,4040,3680,3430,3910,4110,3890
Ethiopia,,,,,,,,,,,,,,,,,,,,,,204,208,225,206,233,235,243,244,248,254,271,204,166,126,134,145,142,125,120,124,121,112,119,136,162,195,244,326,381,342,354,467,500,567,641,717,769,772,856
Fiji,285,287,291,297,311,317,316,333,335,357,422,466,583,769,988,1190,1180,1200,1360,1640,1890,1900,1790,1640,1680,1600,1800,1630,1540,1630,1840,1880,2060,2170,2380,2540,2710,2640,2070,2410,2080,2040,2260,2840,3330,3660,3750,4070,4170,3360,3650,4370,4590,4840,5610,5390,5650,6100,6320,6180
Finland,1180,1330,1410,1520,1710,1880,2010,2030,1910,2180,2470,2720,3180,4170,5300,6260,6740,7070,7630,9330,11200,10900,10900,10500,10800,11400,15000,18600,22000,24000,28400,25500,22300,17600,20300,26300,25800,24700,26000,26200,24300,24900,26900,32900,37700,39000,41200,48400,53600,47300,46500,51100,47700,49900,50300,42800,43800,46300,50000,48800
France,1330,1430,1580,1740,1910,2040,2190,2340,2540,2750,2860,3170,3850,4970,5330,6690,6870,7530,9260,11200,12700,11100,10500,9990,9420,9760,13500,16300,17700,17700,21800,21700,23800,22400,23500,26900,26900,24200,25000,24700,22400,22400,24200,29600,33700,34800,36400,41500,45300,41600,40600,43800,40900,42600,43000,36600,37000,38800,41600,40500
Gabon,282,331,358,298,411,425,453,490,520,551,549,635,704,1160,2430,3330,4550,4150,3450,4280,5890,5190,4740,4330,4420,4040,4000,3760,4270,4530,6270,5540,5580,4250,3960,4570,5120,4670,3830,3890,4130,3990,4140,4930,5740,6890,7220,8460,10300,7720,8850,10800,9810,9680,9660,7380,6980,7230,7960,7770
Gambia,,,,,,,106,109,93.8,100,113,117,120,148,183,213,201,239,288,336,378,333,319,305,244,299,235,265,305,310,332,695,695,712,682,696,729,669,679,638,594,505,412,336,643,666,662,780,925,833,861,763,743,701,607,661,691,680,733,778
Georgia,,,,,,,,,,,,,,,,,,,,,,,,,,,,,,,1610,1310,757,550,520,578,689,807,852,674,750,802,854,1010,1310,1640,2000,2640,3320,2820,3230,4020,4420,4620,4740,4010,4060,4360,4720,4700
Germany,,,,,,,,,,,2760,3190,3810,5050,5640,6240,6630,7680,9480,11300,12100,10200,9910,9860,9310,9430,13500,16700,17900,17800,22300,23400,26400,25500,27100,31700,30500,27000,27300,26700,23600,23600,25100,30200,34000,34500,36300,41600,45400,41500,41500,46600,43900,46300,48000,41100,42100,44600,47800,46400
Ghana,183,190,195,211,230,265,268,215,200,230,254,269,229,260,297,281,271,307,346,372,402,372,346,337,356,352,435,374,373,366,399,434,410,370,329,380,397,385,408,410,258,269,305,368,418,493,913,1080,1220,1080,1300,1550,1590,2350,1970,1740,1930,2030,2200,2200
Greece,520,591,617,695,784,899,997,1070,1150,1320,1490,1650,1900,2500,2830,3150,3390,3890,4690,5710,5890,5380,5580,5020,4850,4810,5660,6560,7600,7850,9600,10200,11200,10400,11100,13000,13700,13400,13500,13200,12000,12500,14100,18500,22000,22600,24800,28800,32000,29700,26900,25900,22200,21900,21800,18200,18100,18900,20300,19600
Grenada,,,,,,,,,,,,,,,,,,792,991,1150,1250,1280,1350,1370,1480,1680,1870,2160,2410,2760,2890,3120,3190,3150,3270,3410,3630,3860,4370,4710,5060,5040,5210,5680,5740,6650,6660,7210,7830,7290,7260,7290,7440,7790,8370,9100,9630,10200,10500,10800
Guatemala,253,253,261,280,280,279,283,288,311,322,349,355,367,439,527,595,696,855,925,1030,1140,1220,1200,1210,1230,1230,892,850,915,955,845,1010,1090,1160,1290,1420,1490,1650,1760,1620,1660,1580,1710,1770,1890,2100,2290,2530,2850,2700,2900,3280,3410,3520,3780,3990,4170,4450,4470,4620
Guinea,,,,,,,,,,,,,,,,,,,,,,,,,,,342,352,399,394,420,461,489,475,478,508,518,494,456,430,363,336,344,394,407,322,453,660,715,674,672,651,717,769,787,769,732,856,879,963
Guinea-Bissau,,,,,,,,,,,112,109,120,120,130,142,146,149,159,153,142,195,204,197,163,165,146,190,176,223,250,258,222,227,221,233,243,237,179,191,308,320,333,372,405,436,430,494,600,559,558,704,616,635,623,603,661,739,778,697
Guyana,298,315,322,282,305,327,344,370,335,358,380,395,395,421,588,663,603,590,658,683,773,730,617,628,565,589,660,468,551,509,534,468,499,602,713,817,927,988,952,927,954,956,975,997,1060,1110,3190,3660,4050,4230,4580,4910,5380,5490,5410,5580,5810,6120,6150,6610
Haiti,70.7,68.8,70.1,72,77.9,82.9,85,83.4,81.6,85.3,70.8,76.3,76.9,94.9,113,134,169,179,180,196,245,256,249,268,293,317,358,309,387,397,440,484,308,252,285,363,369,416,456,499,812,739,698,562,664,767,793,981,1080,1150,1170,1290,1340,1390,1400,1390,1270,1290,1440,1270
Honduras,165,170,180,185,200,217,228,241,253,253,266,261,279,307,338,356,415,498,896,994,1080,1070,1090,1110,1180,1230,1290,1360,1260,1130,993,912,943,913,837,937,888,949,1020,1000,1080,1130,1130,1160,1220,1310,1430,1580,1740,1790,1900,2090,2140,2100,2210,2300,2340,2450,2510,2570
Hungary,,,,,,,,,,,,,,,,,,,,,,,,,,,,,,,,3350,3740,3870,4170,4490,4530,4600,4740,4790,4620,5280,6660,8420,10300,11200,11500,13900,15800,13000,13200,14200,13000,13700,14300,12700,13100,14600,16400,16700
Iceland,1410,1420,1560,1830,2300,2720,3220,3130,2350,2040,2580,3260,4020,5450,7050,6460,7590,9970,11300,12700,14800,15200,13700,11700,12000,12400,16400,22500,24500,22500,25400,26800,27200,23600,24100,26700,27700,28000,31000,32300,32000,28800,32300,39400,47400,56700,56700,69100,56400,41300,43000,47500,45900,49500,54200,52600,61500,71300,73000,66900
India,82.2,85.4,89.9,101,116,119,90,96.3,99.9,108,112,119,123,144,163,158,161,186,206,224,267,270,274,291,277,296,310,340,354,346,368,303,317,301,346,374,400,415,413,442,443,452,471,547,628,715,807,1030,999,1100,1360,1460,1440,1450,1570,1610,1730,1980,2010,2100
Indonesia,,,,,,,,53.5,65.1,74.6,79.7,79.2,90.9,131,202,233,278,334,366,357,492,567,584,513,525,517,475,442,482,530,585,632,682,828,912,1030,1140,1060,464,671,780,748,900,1070,1150,1260,1590,1860,2170,2260,3120,3640,3690,3620,3490,3330,3560,3840,3890,4140
Iran,192,197,203,208,221,248,265,287,319,351,385,469,570,876,1450,1580,2020,2320,2170,2430,2440,2500,3010,3580,3570,3810,4240,2620,2320,2200,2210,,,1070,1190,1570,1930,1800,1720,1760,1670,1910,1910,2250,2760,3250,3770,4900,5720,5710,6600,7780,7930,6020,5590,4900,5250,5520,5550,
Iraq,231,245,255,251,288,,,,313,314,331,377,388,469,1020,1150,1470,1590,1850,2850,3910,2740,2950,2740,3080,3100,2960,3480,3760,3860,10300,,,,,,,,,,,,,,1390,1860,2370,3180,4640,3850,4660,6040,6830,7080,6820,4990,4780,5210,5830,5960
Ireland,686,739,797,852,965,1020,1070,1150,1120,1290,1490,1710,2080,2430,2520,2980,2920,3430,4410,5440,6380,5990,6170,5920,5700,6020,8120,9590,10700,11200,14000,14100,15700,14700,15900,19200,20900,22500,24300,26300,26200,28200,32500,41100,47600,50900,54300,61400,61300,52100,48700,51800,48900,51600,55500,62000,63200,69800,78600,78700
Israel,1230,1440,1090,1260,1380,1430,1510,1470,1650,1850,2380,2190,2800,3470,4860,4460,4310,4830,4580,5700,6250,6490,6930,7600,7040,6520,7960,9410,11300,11100,12700,13700,14800,14500,16000,18100,19300,19700,19400,19100,21000,20300,18400,19000,19900,20600,21800,24900,29600,27700,30700,33700,32500,36300,37700,35800,37300,40500,41700,43600
Italy,804,887,990,1130,1220,1300,1400,1530,1650,1810,2110,2310,2670,3210,3620,4110,4030,4600,5610,6990,8460,7620,7560,7830,7740,7990,11300,14200,15700,16400,20800,22000,23200,18700,19300,20700,23100,21800,22300,22000,20100,20500,22300,27500,31300,32000,33500,37800,40800,37100,36000,38600,35100,35500,35500,30200,30900,32400,34600,33200
Jamaica,429,453,464,485,519,553,616,637,594,644,749,809,969,969,1190,1410,1440,1560,1260,1140,1240,1360,1470,1590,1030,899,1170,1380,1600,1830,1900,1670,1430,2180,2160,2580,2880,3240,3360,3360,3380,3440,3610,3480,3730,4100,4330,4620,4930,4340,4700,5110,5210,4990,4830,4910,4840,5070,5350,5580
Japan,479,564,634,718,836,920,1060,1230,1450,1670,2040,2270,2970,4000,4350,4660,5200,6340,8820,9110,9470,10400,9580,10400,11000,11600,17100,20700,25100,24800,25400,28900,31500,35800,39300,43400,38400,35000,31900,36000,38500,33800,32300,34800,37700,37200,35400,35300,39300,40900,44500,48200,48600,40500,38100,34500,38800,38400,39200,40200
Jordan,,,,,,511,519,458,374,432,372,375,419,484,596,660,805,962,1160,1420,1640,1780,1830,1840,1780,1720,2120,2160,1930,1240,1170,1160,1340,1330,1410,1470,1460,1490,1600,1620,1650,1720,1800,1880,2040,2180,2510,2740,3460,3560,3740,3850,3910,4040,4130,4160,4180,4230,4310,4410
Kazakhstan,,,,,,,,,,,,,,,,,,,,,,,,,,,,,,,1650,1510,1520,1430,1320,1290,1350,1450,1470,1130,1230,1490,1660,2070,2870,3770,5290,6770,8510,7170,9070,11600,12400,13900,12800,10500,7710,9250,9810,9810
Kenya,97.4,94.7,100,104,108,105,118,121,128,134,142,152,173,199,227,240,246,307,349,395,443,402,363,324,323,309,351,373,377,361,361,332,324,220,265,326,421,446,466,415,397,395,390,430,452,512,686,826,902,905,952,972,1140,1210,1320,1340,1410,1570,1710,1820
Kiribati,,,,,,,,,,,279,294,359,592,1580,999,735,683,785,729,653,688,666,613,657,502,490,500,622,580,550,645,638,620,715,725,843,842,801,832,797,735,827,1020,1130,1210,1170,1370,1430,1310,1520,1740,1790,1720,1640,1540,1580,1640,1700,1660
Kuwait,,,,,,4440,4570,4230,4210,4020,3860,4860,5220,5970,13500,11800,12100,12300,12700,19100,20900,17400,14300,13200,13100,12400,9770,11500,10200,11600,8790,5420,,,,16900,19400,17700,14200,15400,18400,16600,17800,22100,27000,35600,42800,45800,55500,37600,38600,48600,52000,49400,44100,29900,27700,29800,34000,32000
Kyrgyz Republic,,,,,,,,,,,,,,,,,,,,,,,,,,,,,,,609,576,513,449,372,364,395,376,345,258,280,308,322,381,433,477,543,722,966,871,880,1120,1180,1280,1280,1120,1120,1240,1310,1310
Lao,,,,,,,,,,,,,,,,,,,,,,,,,490,642,468,278,149,173,203,235,251,287,326,364,378,346,249,278,325,327,320,363,418,476,591,710,900,949,1140,1380,1580,1830,2000,2130,2310,2420,2540,2530
Latvia,,,,,,,,,,,,,,,,,,,,,,,,,,,,,,,,,,,,2330,2430,2680,2970,3150,3360,3570,4130,5140,6360,7580,9700,14100,16400,12300,11400,13900,13900,15100,15700,13800,14300,15700,17900,17800
Lebanon,,,,,,,,,,,,,,,,,,,,,,,,,,,,,1230,997,1010,1610,1900,2450,2820,3320,3790,4310,4670,4640,4490,4420,4580,4580,4630,4580,4630,5210,6110,7350,7760,7670,7950,7930,7690,7640,7630,7800,8020,7580
Lesotho,41.3,41.9,48.2,53.1,57.5,59.5,60.2,61.6,62.5,65.6,66.8,72.7,75.1,110,133,129,124,157,211,223,322,315,246,266,224,176,204,252,288,297,350,404,466,459,472,528,489,507,465,452,436,406,382,574,753,843,905,864,885,891,1140,1310,1250,1190,1220,1150,1040,1150,1220,1120
Liberia,,,,,,,,,,,,,,,,,,,,,,,,,,,,,,,,,,,,,,,,,307,307,306,243,286,295,336,397,478,471,513,597,658,722,721,710,715,699,677,622
Libya,,,,,,,,,,,,,,,,,,,,,,,,,,,,,,,6510,7040,7280,6450,5890,5160,5540,6000,5240,6820,7140,6270,3700,4670,5800,8160,9340,11300,14400,10300,12100,5550,13000,10400,6470,4340,4040,5760,7880,7690
Liechtenstein,,,,,,,,,,,4240,4830,5640,7350,8440,10500,11400,12400,17500,19800,20700,19500,19700,19600,18600,19400,28300,37800,41300,39400,49400,50900,55200,55800,64000,78600,79900,72200,76700,81300,74900,74300,79400,89900,100000,105000,114000,131000,143000,126000,141000,158000,149000,173000,179000,167000,166000,173000,181000,
Lithuania,,,,,,,,,,,,,,,,,,,,,,,,,,,,,,,,,,,,2170,2330,2830,3170,3110,3290,3530,4140,5500,6700,7850,9230,12300,14900,11800,12000,14400,14400,15700,16600,14300,15000,16900,19200,19600
Luxembourg,2240,2220,2310,2440,2760,2780,2900,2910,3180,3660,4450,4590,5680,7710,9280,9010,9830,10900,13500,15700,17100,14300,13000,12800,12600,12900,18800,23200,26100,27600,34600,37000,41000,41500,45500,52800,52600,47000,47600,51700,48700,48200,52900,65400,75700,80300,89700,106000,114000,103000,105000,116000,107000,114000,119000,101000,104000,108000,117000,115000
Madagascar,132,134,138,138,143,144,152,157,165,165,169,177,193,231,261,302,281,295,324,409,597,531,518,493,399,378,420,302,291,282,339,273,302,321,270,285,355,297,297,280,294,334,319,369,284,320,339,439,536,468,472,531,518,541,531,467,476,515,528,523
Malawi,44.5,46.6,47.7,48.5,48.3,55.5,61.4,62,54.9,58,61.8,75.7,81.9,87.2,105,114,121,141,161,174,198,193,180,182,173,156,154,145,160,175,200,230,186,213,121,142,228,259,166,164,156,150,298,267,283,290,308,332,388,438,479,535,392,348,371,381,316,357,381,412
Malaysia,235,226,230,280,289,310,321,317,323,347,358,384,445,661,800,765,886,1030,1250,1580,1770,1770,1850,2050,2230,2000,1730,1950,2070,2220,2440,2650,3110,3430,3730,4330,4800,4640,3260,3490,4040,3910,4170,4460,4950,5590,6210,7240,8470,7290,9040,10400,10800,11000,11300,9960,9820,10300,11400,11400
Maldives,,,,,,,,,,,,,,,,,,,,,268,273,282,328,599,671,723,696,804,875,964,1060,1210,1330,1430,1570,1740,1930,2010,2150,2230,3040,3050,3480,3940,3640,4810,5570,6610,6640,7080,7290,7270,7930,8500,9030,9210,9580,10300,10600
Mali,,,,,,,,48.3,59.5,58,60.5,71.2,79.2,90.1,84.6,128,142,156,179,229,248,213,181,172,160,178,233,259,265,263,317,315,320,310,223,282,283,267,282,323,270,307,335,393,440,489,523,597,694,699,710,838,779,805,848,751,781,830,895,879
Malta,,,,,,,,,,,828,874,976,1140,1250,1560,1730,2040,2560,3200,3950,3900,3790,3530,3330,3320,4190,5080,5810,6040,7190,7560,8220,7300,8000,9860,10100,9910,10400,10600,10400,10400,11300,13700,15200,15900,16700,19500,22200,21100,21800,23200,22500,24800,26800,24900,25600,28100,30400,29800
Marshall Islands,,,,,,,,,,,,,,,,,,,,,,973,1050,1200,1230,1140,1390,1490,1600,1590,1660,1700,1850,2000,2150,2380,2190,2190,2230,2270,2270,2390,2520,2460,2460,2570,2610,2750,2730,2700,2880,3080,3220,3300,3230,3210,3470,3670,3790,
Mauritania,,182,182,181,235,259,262,270,288,265,270,284,322,393,475,529,566,566,554,636,680,697,679,693,621,567,649,715,733,732,741,1020,1010,840,862,904,899,851,814,775,677,646,640,718,804,971,1290,1350,1560,1390,1610,1880,1820,1890,1680,1520,1540,1580,1600,1680
Mauritius,,,,,,,,,,,,,,,,,777,894,1090,1280,1170,1170,1090,1090,1030,1050,1420,1820,2050,2080,2510,2670,2970,2970,3200,3600,3900,3650,3590,3700,3930,3860,4020,4790,5390,5280,5700,6570,8030,7320,8000,9200,9290,9640,10200,9260,9680,10500,11200,11100
Mexico,345,363,378,409,469,495,534,566,606,650,690,739,826,981,1240,1480,1450,1300,1590,2030,3030,3800,2600,2150,2480,2570,1730,1860,2250,2690,3110,3660,4170,5650,5850,3930,4410,5290,5480,6160,7160,7540,7590,7080,7480,8280,9070,9640,10000,8000,9270,10200,10200,10700,10900,9620,8740,9290,9690,9950
"Micronesia, Fed. Sts.",,,,,,,,,,,,,,,,,,,,,,,,1320,,,1280,1300,1360,1440,1530,1680,1760,1910,1910,2060,2020,1900,2020,2040,2170,2250,2270,2300,2250,2360,2410,2460,2540,2720,2890,3010,3130,2990,2970,2910,3010,3290,3570,
Moldova,,,,,,,,,,,,,,,,,,,,,,,,,,,,,,,,,,,,594,575,657,579,400,441,508,571,683,897,1030,1180,1530,2110,1900,2440,2940,3050,3320,3330,2730,2880,3510,4230,4500
Monaco,,,,,,,,,,,12500,13800,16700,21400,22700,28300,28800,31400,38400,45800,51500,44400,41400,38900,36400,37600,52200,63100,68400,68600,84300,83700,91600,85400,89400,102000,101000,90800,93000,91300,82400,83700,90500,109000,124000,124000,134000,170000,186000,155000,151000,169000,158000,178000,189000,166000,170000,168000,186000,
Mongolia,,,,,,,,,,,,,,,,,,,,,,1330,1440,1500,1120,1140,1470,1490,1530,1670,1170,1070,587,340,406,632,581,506,477,445,474,524,572,646,798,999,1330,1630,2140,1710,2640,3760,4350,4370,4160,3920,3660,3670,4130,4340
Montenegro,,,,,,,,,,,,,,,,,,,,,,,,,,,,,,,,,,,,,,,,,1630,1910,2110,2790,3380,3670,4430,5980,7370,6730,6690,7330,6590,7190,7380,6510,7030,7780,8850,8910
Morocco,165,159,181,197,201,206,196,203,213,232,246,265,303,365,439,503,524,590,690,810,1080,862,836,750,668,661,840,921,1070,1070,1210,1270,1300,1200,1330,1430,1560,1400,1470,1450,1330,1340,1420,1730,1950,2020,2200,2500,2890,2870,2840,3050,2910,3120,3170,2880,2900,3040,3220,3200
Mozambique,,,,,,,,,,,,,,,,,,,,,,,,,,,,,,,,273,187,186,183,184,242,284,313,347,319,296,303,326,383,417,435,482,564,520,472,595,658,664,674,590,429,461,503,504
Myanmar,,,,,,,,,,,,,,,,,,,,,,,,,,,,,,,,,,,,,,,,,191,137,142,217,218,245,294,407,638,734,979,1180,1170,1160,1250,1290,1270,1290,1420,1410
Namibia,,,,,,,,,,,,,,,,,,,,,2290,2080,1910,2030,1680,1340,1460,1780,1860,1830,1940,2030,2260,2070,2280,2420,2370,2420,2210,2170,2140,1910,1770,2560,3400,3660,3980,4350,4160,4240,5320,5720,5940,5380,5440,4870,4520,5300,5500,4960
Nauru,,,,,,,,,,,,,,,,,,,,,,,,,,,,,,,,,,,,,,,,,,,,,,,,,,,4750,6570,9430,9100,8830,6960,7670,8510,9760,9400
Nepal,50.3,51.8,55,46.9,46,67,81.2,74,66.5,66.6,71.7,71.6,81.4,75.6,92.8,117,106,98.5,112,126,130,148,152,152,157,155,165,168,193,191,192,202,171,179,193,204,205,218,211,214,229,247,245,252,286,316,347,391,470,478,592,699,698,716,743,793,777,911,1040,1070
Netherlands,1070,1160,1240,1330,1540,1710,1840,1990,2190,2640,2930,3380,4100,5350,6440,7340,7930,9170,11200,12800,13800,11500,11100,10700,9980,9930,13800,16700,17700,17400,21300,21700,23900,23100,24600,29300,29000,26700,27900,28300,26100,26900,29200,35700,40400,42000,44900,51700,57600,52500,51000,54200,50100,52200,52800,45200,46000,48700,53000,52300
New Zealand,2310,2340,2450,2620,2810,2150,2190,2190,1890,2080,2360,2770,3290,4320,4610,4170,4370,4950,5940,6670,7470,7810,7660,7600,6710,7600,9430,12300,13800,13300,13700,12200,11800,13100,15300,17400,18800,17500,14700,15300,13600,13900,16900,21900,25400,27800,26700,32500,31300,28200,33700,38400,40000,43000,44600,38600,40100,42800,42900,42100
Nicaragua,126,131,141,151,170,274,285,299,307,320,323,333,344,414,559,567,638,750,696,482,670,729,713,773,852,719,755,985,658,248,242,349,411,394,847,890,909,909,944,973,1010,1030,1000,1010,1080,1160,1230,1330,1500,1440,1500,1660,1760,1810,1930,2050,2110,2160,2020,1910
Niger,133,139,148,159,153,172,174,161,150,143,144,150,156,193,204,202,200,235,314,362,419,352,318,276,217,208,267,305,302,280,438,396,395,249,211,243,245,225,251,232,197,208,228,268,286,322,336,390,479,464,477,513,530,553,565,484,498,518,572,554
Nigeria,93,97,104,108,113,117,124,99.4,97.2,121,224,160,209,252,403,438,557,536,527,662,874,2180,1840,1220,902,883,639,598,549,474,568,503,477,270,321,408,462,480,469,498,568,590,742,795,1010,1270,1660,1880,2240,1890,2280,2490,2720,2960,3100,2690,2180,1970,2030,2230
North Macedonia,,,,,,,,,,,,,,,,,,,,,,,,,,,,,,,2350,2480,1230,1350,1790,2360,2340,1960,1870,1910,1850,1820,1960,2410,2760,3040,3330,4040,4790,4540,4540,5060,4700,5210,5470,4840,5130,5430,6090,6020
Norway,1440,1560,1670,1780,1940,2160,2320,2510,2660,2880,3310,3740,4410,5690,6810,8200,8930,10300,11500,13000,15800,15500,15200,14900,15000,15800,18900,22500,24200,24300,28200,28600,30500,28000,29300,34900,37300,36600,34800,36400,38100,38500,43100,50100,57600,66800,74100,85100,96900,80000,87700,101000,102000,103000,97000,74400,70500,75500,81700,75400
Oman,,,,,,101,106,162,278,342,354,402,473,599,1950,2380,2760,2800,2650,3420,5180,5950,5860,5830,6160,6680,4690,4820,5000,5380,6450,5990,6280,6030,6010,6260,6830,7040,6220,6920,8600,8480,8630,9070,10100,12400,14400,15800,22100,16800,18700,20900,21900,20900,20000,16000,14600,15100,16500,15300
Pakistan,83.3,89.4,91.3,95.7,105,116,126,139,146,153,172,179,153,101,137,168,191,213,243,261,303,348,368,333,349,338,335,339,379,384,372,412,429,442,434,490,497,476,461,454,576,544,534,599,688,749,837,908,991,958,987,1160,1200,1210,1250,1360,1370,1460,1480,1280
Palau,,,,,,,,,,,,,,,,,,,,,,,,,,,,,,,,,,,,,,,,,7660,8090,8310,7770,8310,9630,9850,10400,10600,10300,10400,11100,12000,12600,13700,15900,16600,16100,15700,14900
Palestine,,,,,,,,,,,,,,,,,,,,,,,,,,,,,,,,,,,1200,1330,1320,1390,1470,1500,1480,1340,1160,1260,1420,1540,1570,1660,2040,2190,2560,2880,3070,3320,3350,3270,3530,3620,3560,
Panama,474,513,542,583,608,648,686,742,776,827,889,975,1040,1160,1290,1400,1440,1490,1720,1920,2330,2580,2780,2790,2850,2950,3000,2950,2490,2450,2600,2800,3120,3340,3490,3490,3530,3740,3970,4080,4060,4050,4130,4270,4590,4920,5350,6170,7150,7580,8080,9360,10700,11900,12800,13600,14300,15200,15600,15700
Papua New Guinea,102,107,112,116,125,138,154,170,183,203,232,252,294,435,479,432,470,497,575,659,713,681,629,662,642,594,633,732,831,787,698,801,905,1010,1090,894,970,906,679,608,602,516,492,568,618,749,1260,1400,1670,1630,1950,2410,2790,2730,2920,2680,2510,2700,2800,2830
Paraguay,,,,,,204,209,215,220,231,240,262,296,374,490,541,594,713,850,1100,1400,1720,1610,1640,1260,893,984,1020,1060,1160,1380,1610,1610,1590,1690,1900,2000,1990,1810,1690,1660,1570,1300,1370,1680,1840,2270,2980,4040,3620,4360,5320,5180,5930,6100,5410,5320,5680,5810,5410
Peru,253,278,306,326,383,441,508,501,450,490,552,599,646,752,923,1090,1010,899,749,933,1030,1200,1180,919,911,837,754,1000,730,1040,1200,1520,1570,1490,1880,2190,2230,2310,2160,1920,1960,1940,2020,2150,2420,2730,3150,3610,4220,4200,5080,5870,6530,6760,6670,6230,6200,6710,6940,6980
Philippines,254,267,157,168,176,187,200,207,225,242,187,201,211,258,343,361,403,450,506,597,685,732,742,646,595,566,536,580,644,706,716,716,815,816,940,1060,1160,1130,967,1090,1070,991,1040,1050,1120,1240,1450,1740,1990,1910,2220,2450,2690,2870,2960,3000,3070,3120,3250,3490
Poland,,,,,,,,,,,,,,,,,,,,,,,,,,,,,,,1730,2240,2460,2500,2870,3690,4150,4120,4520,4400,4500,4990,5210,5700,6680,8020,9040,11300,14000,11500,12600,13900,13100,13700,14300,12600,12400,13900,15500,15700
Portugal,360,383,408,433,469,521,575,647,719,796,934,1060,1300,1750,2000,2130,2170,2270,2460,2760,3370,3250,3080,2740,2520,2710,3860,4800,5620,6060,7880,8960,10800,9530,9980,11800,12200,11600,12200,12500,11500,11700,12900,15800,18000,18800,19800,22800,24800,23100,22500,23200,20600,21600,22100,19200,20000,21500,23600,23300
Qatar,,,,,,,,,,,2760,3250,3910,5580,15600,15300,18900,19800,21100,27500,35000,34900,27400,20900,19600,16600,12700,12900,13600,14100,15500,14100,15400,14300,14500,15800,17300,21100,18600,21700,30000,28500,30200,34500,42100,51500,59500,65400,80200,59100,67400,82400,85100,85100,83900,63000,57200,59100,65900,62100
Romania,,,,,,,,,,,,,,,,,,,,,,,,,,,,1670,1770,1820,1680,1260,1100,1160,1320,1650,1630,1580,1850,1600,1660,1830,2120,2680,3490,4620,5760,8360,10400,8550,8210,9100,8510,9550,10000,8970,9550,10800,12400,12900
Russia,,,,,,,,,,,,,,,,,,,,,,,,,,,,,3780,3430,3490,3490,3100,2930,2660,2670,2640,2740,1830,1330,1770,2100,2380,2980,4100,5320,6920,9100,11600,8560,10700,14300,15400,16000,14100,9310,8700,10700,11400,11600
Rwanda,40.5,40.7,40.9,41.2,41.1,46,37.5,46.6,48.8,51.8,58.5,57.6,61.8,70.8,72.9,131,142,160,188,223,243,264,256,260,269,279,302,318,338,330,350,270,303,315,127,222,230,288,286,288,261,239,233,250,274,332,367,439,544,580,610,669,726,723,744,752,745,772,783,820
Samoa,,,,,,,,,,,,,,,,,,,,,,,770,706,686,597,629,694,824,759,773,766,799,797,1310,1320,1460,1660,1560,1490,1540,1560,1630,1910,2350,2590,2800,3130,3380,3170,3570,3930,4020,4040,3940,4070,4110,4260,4190,4320
San Marino,,,,,,,,,,,,,,,,,,,,,,,,,,,,,,,,,,,,,,,,40900,36600,38700,41500,51300,59600,60900,64200,72700,78600,66700,60200,57300,50000,51600,50800,42700,43800,45400,49000,
Sao Tome and Principe,,,,,,,,,,,,,,,,,,,,,,,,,,,,,,,,,,,,,,,,,,525,578,679,745,867,883,897,1100,1070,1090,1250,1330,1560,1770,1580,1700,1810,1950,1950
Saudi Arabia,,,,,,,,,777,801,921,1180,1510,2230,6440,6300,8200,9040,9280,12200,17000,17900,13900,11000,9630,7920,6300,5930,5860,6090,7250,7880,7930,7490,7420,7690,8340,8550,7420,8010,9170,8680,8700,9610,11200,13800,15400,16500,20100,16100,19300,23700,25200,24800,24500,20600,19900,20800,23300,23100
Senegal,313,321,321,322,332,329,329,320,326,301,305,305,358,400,438,574,567,567,618,751,794,701,666,577,546,579,795,928,891,852,962,917,951,874,580,711,720,648,681,681,605,615,657,824,941,994,1040,1220,1410,1320,1280,1370,1330,1380,1400,1220,1270,1360,1470,1450
Serbia,,,,,,,,,,,,,,,,,,,,,,,,,,,,,,,,,,,,2210,2860,3380,2570,2570,915,1730,2280,3010,3500,3720,4380,5850,7100,6170,5740,6810,6020,6760,6600,5590,5770,6290,7250,7410
Seychelles,288,270,287,308,332,328,338,333,314,314,344,402,547,649,745,806,814,1040,1380,2030,2330,2420,2300,2280,2340,2590,3170,3640,4130,4410,5300,5310,6130,6560,6560,6750,6580,7280,7720,7750,7580,7660,8330,8520,10200,11100,12000,12200,11100,9710,10800,12200,12000,14800,14700,14700,15100,15900,16400,17400
Sierra Leone,139,139,143,144,151,143,147,134,125,152,158,150,163,197,218,224,192,218,296,335,325,322,366,275,293,225,125,174,254,219,150,179,156,178,212,202,218,196,153,150,139,229,252,266,267,292,323,360,408,391,402,448,566,717,715,588,501,499,534,528
Singapore,428,449,472,511,486,517,567,626,709,813,926,1070,1260,1690,2340,2490,2760,2850,3190,3900,4930,5600,6080,6630,7230,7000,6800,7540,8910,10400,11900,14500,16100,18300,21600,24900,26200,26400,21800,21800,23900,21700,22200,23700,27600,30000,33800,39400,40000,38900,47200,53900,55500,57000,57600,55600,56800,60900,66200,65200
Slovak Republic,,,,,,,,,,,,,,,,,,,,,,,,,,,,,,,2410,2690,2920,3100,3770,4820,5200,5150,5540,5640,5410,5720,6530,8710,10700,11700,13200,16100,18700,16500,16800,18400,17500,18300,18700,16300,16500,17600,19400,19300
Slovenia,,,,,,,,,,,,,,,,,,,,,,,,,,,,,,,9110,6630,6560,6660,7560,10700,10800,10500,11200,11500,10200,10500,11800,14800,17200,18100,19700,23800,27500,24700,23500,25100,22600,23500,24200,20900,21700,23500,26100,25900
Solomon Islands,,,,,,,,173,187,185,,301,235,308,454,386,414,448,516,679,768,786,756,691,669,591,513,524,580,552,667,687,790,857,1120,1280,1370,1390,1170,1230,1040,1000,819,789,867,1010,1120,1260,1390,1430,1600,1940,2140,2250,2270,2170,2230,2330,2440,2370
Somalia,65.5,68.1,70.8,73.6,76.5,79.4,81.9,84.2,86.6,90.5,93.7,95.4,120,144,129,183,189,104,105,100,96.1,107,117,111,119,132,138,147,148,153,127,,,,,,,,,,,,,,,,,,,,,,,,,,,,,
South Africa,443,455,473,511,549,585,621,675,711,781,835,897,917,1230,1500,1510,1420,1540,1720,2070,2910,2910,2600,2820,2430,1810,2020,2580,2710,2760,3140,3290,3480,3390,3450,3750,3490,3550,3150,3080,3030,2670,2500,3750,4830,5380,5600,6100,5760,5860,7330,8010,7500,6830,6430,5730,5270,6130,6370,6000
South Korea,158,93.8,106,146,124,109,133,161,198,243,279,301,324,407,563,617,834,1060,1410,1780,1720,1880,1990,2200,2410,2480,2830,3550,4750,5820,6610,7640,8130,8880,10400,12600,13400,12400,8280,10700,12300,11600,13200,14700,16500,19400,21700,24100,21400,19100,23100,25100,25500,27200,29200,28700,29300,31600,33400,31800
South Sudan,,,,,,,,,,,,,,,,,,,,,,,,,,,,,,,,,,,,,,,,,,,,,,,,,1670,1340,1540,1520,1180,1780,1320,1120,,,,
Spain,396,450,520,609,675,775,890,968,951,1080,1210,1360,1710,2250,2750,3210,3280,3630,4360,5770,6210,5370,5160,4480,4490,4700,6510,8240,9700,10700,13800,14800,16100,13300,13400,15500,16100,14700,15400,15700,14700,15400,17000,21500,24900,26400,28400,32500,35400,32000,30500,31600,28300,29100,29500,25700,26500,28200,30400,29600
Sri Lanka,143,143,139,117,121,153,154,160,151,161,184,186,196,217,265,276,256,288,188,228,268,289,308,329,379,370,390,401,413,408,464,513,547,577,648,714,757,817,851,839,870,833,867,982,1070,1250,1440,1630,2040,2090,2800,3200,3350,3610,3820,3840,3890,4080,4080,3850
St. Kitts and Nevis,242,244,246,254,269,276,299,353,315,348,363,441,518,546,711,754,682,1010,1130,1350,1580,1880,2010,2050,2340,2650,3150,3600,4250,4770,5400,5460,5950,6410,7090,7450,7860,8740,8870,9320,9560,10300,10700,10300,10900,11700,13600,14400,15600,15400,15500,16500,16000,16700,18100,18000,18800,19200,19300,19900
St. Lucia,,,,,,,,,,,,,,,,,,,,,1450,1630,1520,1610,2020,2250,2650,2870,3220,3580,4200,4380,4760,4780,4920,5190,5300,5340,5730,5950,5950,5640,5650,6150,6590,6950,7670,7970,8460,8140,8540,8980,9090,9380,9840,10100,10400,11000,11400,11600
St. Vincent and the Grenadines,161,170,175,163,173,176,185,180,173,186,204,219,298,322,348,347,339,505,616,713,819,1010,1110,1190,1300,1390,1530,1660,1880,2010,2240,2360,2570,2650,2680,2930,3070,3220,3470,3630,3680,3990,4270,4450,4810,5070,5630,6310,6420,6230,6290,6240,6390,6640,6680,6920,7080,7210,7360,7460
Sudan,126,133,141,139,139,141,141,148,150,160,177,187,197,237,295,348,420,507,432,492,392,509,454,391,446,553,683,850,632,612,484,432,261,320,450,473,301,379,355,328,366,383,418,485,573,689,905,1130,1300,1160,1400,1440,1460,1560,1710,1910,1300,1110,624,442
Suriname,346,364,382,404,420,469,563,635,677,714,747,815,848,930,1130,1300,1410,1790,2050,2180,2210,2470,2540,2440,2370,2370,2380,2570,2990,1370,959,1080,962,1000,1390,1570,1920,2040,2420,1900,2010,1750,2270,2610,3010,3590,5200,5740,6830,7410,8260,8260,9200,9400,9470,8560,5540,5640,6020,6360
Sweden,2110,2290,2470,2660,2940,3210,3450,3720,3930,4230,4740,5130,6030,7300,8090,10100,10900,11400,12600,14900,17100,15600,13700,12600,13100,13700,18000,21800,24500,25700,30600,31800,32800,24400,26100,30300,33000,30300,30600,30900,29600,27200,29900,37300,42800,43400,46600,53700,56200,46900,52900,60800,58000,61100,60000,51500,52000,53800,54600,51600
Switzerland,1790,1970,2130,2290,2500,2620,2780,2960,3120,3340,3930,4690,5710,7630,8740,10000,10600,11300,15800,17700,18800,17200,17500,17300,16500,16700,23800,29600,31700,30400,38400,38400,39500,38100,41800,48700,46700,40400,41500,40600,37900,38500,41400,48100,53300,55000,57600,63600,72500,69900,74600,88400,83500,85100,86600,82100,80200,80400,82800,82000
Syria,188,200,228,238,258,274,242,275,295,366,337,394,450,460,708,906,979,955,1110,1150,1460,1680,1700,1770,1700,1540,1210,1000,903,816,989,1010,1000,1010,726,794,935,956,974,991,1180,1260,1260,1250,1410,1570,1750,2030,,,,,,,,,,,,
Tajikistan,,,,,,,,,,,,,,,,,,,,,,,,,,,,,,,498,469,347,294,268,214,178,155,219,178,138,171,190,238,312,341,409,527,716,676,750,847,969,1050,1100,929,803,806,827,871
Tanzania,,,,,,,,,,,,,,,,,,,,,,,,,,,,,222,186,174,196,176,157,161,182,220,253,396,400,411,407,412,431,459,493,485,553,687,695,743,781,868,970,1030,948,966,1000,1060,1120
Thailand,101,107,114,118,126,138,161,167,175,187,192,194,209,270,332,352,392,445,529,590,683,721,743,798,818,748,813,937,1120,1300,1510,1720,1930,2210,2490,2850,3040,2470,1850,2030,2010,1890,2100,2360,2660,2890,3370,3970,4380,4210,5080,5490,5860,6170,5950,5840,5990,6590,7300,7810
Timor-Leste,,,,,,,,,,,,,,,,,,,,,,,,,,,,,,,,,,,,,,,,,415,530,509,518,453,465,446,524,614,677,806,948,1010,1210,1230,1330,1350,1290,1230,1560
Togo,76.6,79.1,82,87.8,99.9,110,122,125,124,132,120,131,149,176,238,256,251,309,320,337,418,342,282,253,229,234,315,360,385,368,431,415,429,306,238,310,337,334,343,330,302,293,327,396,413,406,408,449,544,538,534,587,572,621,641,571,597,626,680,679
Tonga,,,,,,,,,,,,,,,,368,337,378,455,484,573,666,663,649,685,640,725,866,1130,1120,1190,1390,1440,1450,2050,2180,2310,2230,1970,2040,2090,1840,1850,2030,2300,2590,2870,2910,3330,3010,3530,4000,4580,4430,4350,4340,4160,4510,4740,4900
Trinidad and Tobago,632,676,704,760,789,808,787,824,815,831,869,938,1120,1330,2050,2420,2440,3020,3380,4310,5750,6350,7270,6820,6720,6300,4050,4020,3730,3560,4150,4320,4400,3750,3960,4250,4580,4550,4790,5390,6440,6940,7050,8810,10300,12300,14100,16500,21200,14500,16700,19000,19200,20100,20300,18300,16200,16200,17100,17400
Tunisia,,,,,,218,224,229,251,260,284,326,423,505,641,765,779,863,985,1160,1370,1290,1210,1200,1160,1150,1200,1260,1280,1250,1490,1550,1800,1660,1740,1980,2110,2210,2290,2390,2210,2250,2340,2760,3110,3190,3370,3780,4310,4130,4140,4260,4150,4220,4310,3860,3700,3480,3440,3320
Turkey,509,284,309,351,370,386,445,482,526,572,490,455,558,686,928,1140,1280,1430,1550,2080,1560,1580,1400,1310,1250,1370,1510,1710,1750,2020,2790,2740,2840,3180,2270,2900,3050,3140,4500,4120,4340,3140,3690,4760,6100,7460,8100,9790,10900,9100,10700,11400,11800,12600,12200,11000,10900,10600,9460,9130
Turkmenistan,,,,,,,,,,,,,,,,,,,,,,,,,,,,684,862,839,866,847,821,793,622,590,555,563,590,549,643,774,968,1280,1450,1700,2140,2600,3900,4040,4440,5650,6680,7300,7960,6430,6390,6590,6970,
Tuvalu,,,,,,,,,,,,,,,,,,,,,,,,,,,,,,,990,1040,1070,1050,1180,1190,1320,1360,1370,1460,1460,1390,1610,1870,2180,2180,2260,2640,2940,2600,3020,3640,3510,3450,3400,3200,3260,3570,3700,4060
Uganda,62.5,63.2,62.2,69.2,76.3,111,112,113,117,128,134,147,150,167,201,220,222,258,207,177,100,104,165,164,257,242,260,402,402,315,248,185,154,168,202,282,287,290,295,261,262,239,246,254,296,334,349,404,475,797,819,829,787,807,880,844,733,747,770,794
Ukraine,,,,,,,,,,,,,,,,,,,,,,,,,,,,1250,1450,1600,1570,1490,1420,1260,1010,936,873,991,835,636,636,780,879,1050,1370,1830,2300,3070,3890,2540,2970,3570,3860,4030,3100,2120,2190,2640,3100,3660
United Arab Emirates,,,,,,,,,,,,,,,,26800,30100,33800,28500,33500,42800,45000,40000,34800,32300,29700,23500,23700,22300,24000,27700,26600,26400,25600,25800,27200,29000,29500,26900,28500,33300,31300,31600,33500,36300,39400,41900,41800,44500,32000,33900,39200,41000,42400,43800,38700,38100,40600,43800,43100
United Kingdom,1400,1470,1530,1610,1750,1870,1990,2060,1950,2100,2350,2650,3030,3430,3670,4300,4140,4680,5980,7800,10000,9600,9150,8690,8180,8650,10600,13100,16000,16200,19100,19900,20500,18400,19700,23100,24300,26700,28200,28700,28100,27700,30100,34400,40300,42000,44600,50600,47300,38700,39400,42000,42500,43400,47400,45000,41100,40400,43000,42300
United States,3010,3070,3240,3370,3570,3830,4150,4340,4700,5030,5230,5610,6090,6730,7230,7800,8590,9450,10600,11700,12600,14000,14400,15500,17100,18200,19100,20000,21400,22900,23900,24300,25400,26400,27700,28700,30000,31500,32900,34500,36300,37100,38000,39500,41700,44100,46300,48000,48400,47100,48500,49900,51600,53100,55100,56800,58000,60100,63000,65300
Uruguay,489,602,657,584,741,702,664,581,574,717,761,996,776,1400,1450,1250,1290,1440,1710,2480,3490,3760,3110,1720,1620,1570,1940,2420,2680,2730,2990,3580,4080,4720,5460,5990,6320,7330,7710,7250,6880,6280,4090,3620,4120,5230,5890,7030,9090,9450,12000,14200,15200,17000,16800,15600,15400,17300,17300,16200
Uzbekistan,,,,,,,,,,,,,,,,,,,,,,,,,,,,,,,651,653,603,597,576,586,601,623,623,702,558,457,383,396,465,547,654,830,1080,1210,1630,1930,2140,2280,2490,2620,2570,1830,1530,1720
Vanuatu,,,,,,,,,,,,,,,,,,,,1060,1050,960,943,945,1140,1010,951,1020,1140,1080,1150,1340,1350,1260,1420,1480,1520,1560,1470,1480,1470,1360,1350,1580,1790,1890,2050,2400,2710,2650,2970,3260,3130,3120,3090,2800,2890,3080,3130,3120
Venezuela,955,970,1020,1080,864,870,876,893,938,931,1010,1110,1160,1370,2040,2080,2310,2590,2740,3270,3890,4250,4230,4110,3560,3580,3400,2630,3220,2270,2480,2660,2940,2860,2720,3530,3150,3760,3920,4130,4840,4990,3700,3270,4330,5500,6830,8450,11400,11800,13800,11000,13000,12500,16100,,,,,
Vietnam,,,,,,,,,,,,,,,,,,,,,,,,,,231,423,575,390,94.6,95.2,138,139,182,221,277,324,348,348,363,390,405,430,481,547,687,784,906,1150,1220,1320,1530,1740,1890,2030,2090,2190,2370,2570,2720
Yemen,,,,,,,,,,,,,,,,,,,,,,,,,,,,,,,482,482,499,394,291,286,374,428,384,452,554,550,580,620,710,833,921,1020,1230,1120,1330,1370,1450,1610,1670,1600,1140,961,824,774
Zambia,232,220,213,214,242,303,343,360,410,486,437,391,428,491,653,530,537,470,514,588,654,640,638,496,409,330,233,308,489,511,409,410,376,378,412,419,385,448,359,336,346,383,382,435,539,703,1050,1120,1390,1160,1490,1670,1760,1880,1760,1340,1280,1530,1520,1310
Zimbabwe,279,281,277,277,282,293,277,292,299,342,356,398,472,563,654,695,664,650,628,723,901,1040,1070,941,742,635,676,708,793,816,842,809,619,592,612,623,741,732,545,580,563,568,531,478,483,477,448,432,357,772,948,1090,1300,1430,1430,1450,1460,1550,1680,1460
